Set,90s Nostalgia Pack,Special,Duplicates,v1.0,v1.1,v1.2,v1.4,,,,Set,Climate Catastrophe Pack,Special,Special,Duplicates,v1.0,v1.1,,,,,Set,Culture Wars Pack,Special,Duplicates,v1.0,v1.1,
,"30 cards
Released: May 13, 2014.
Icon: 90s 
Updated icon: floppy disk
Originally given out at PAX East 2014. ",,,,,,,,,,,"30 cards 
Released: November, 9 2021. 
Icon: Fire",,,,,,,,,,,"30 cards 
Released: August 8, 2023
Icon: Two fists fighting",,,,,
,,,,,,,,,,,,,,,,,,,,,,,,,,,,
Prompt,Believe it or not Jim Carrey can do a dead-on impression of ______.,,,v1.0,v1.1,v1.2,v1.4,,,,Prompt,"Al Gore is giving the world a wake-up call with his new documentary, ""An Inconvenient Truth About ______."" ",,,,v1.0,v1.1,,,,,Prompt,BREAKING NEWS: HUNTER BIDEN _______!,,,v1.0,,
Prompt,How did Stella get her groove back?,,,v1.0,v1.1,v1.2,v1.4,,,,Prompt,BREAKING NEWS: Florida destroyed by ______!,,,,v1.0,v1.1,,,,,Prompt,"If the RADICAL LEFT gets their way, they'll cancel _______!",,,v1.0,,
Prompt,"I can show you ______, shining, shimmering, splendid.",,,,,,v1.4,,,,Prompt,Greta Thunberg hates ______.,,,,v1.0,v1.1,,,,,Prompt,Stop trying to blame this on guns. Mass shootings are really caused by _______!,,,v1.0,,
Prompt,"I'm a bitch, I'm a lover, I'm a child, I'm ______.",,,v1.0,v1.1,v1.2,v1.4,,,,Prompt,"New from David Attenborough, Planet Earth III: ______.",,,,v1.0,v1.1,,,,,,,,,,,
Prompt,"If I were a Spice Girl, I’d be “______ Spice.”",,,,,,v1.4,,,,Prompt,What's a simple solution to all of humanity's problems?,,,,v1.0,v1.1,,,,,Response,Abstinence-only sex education.,,,v1.0,,
Prompt,It's Morphin' Time! Mastodon! Pterodactyl! Triceratops! Sabertooth Tiger! ______!,,,v1.0,v1.1,v1.2,v1.4,,,,,,,,,,,,,,,Response,Arguing about wheter gay cops get to march in Pride.,,,v1.0,,
Prompt,"Siskel and Ebert have panned ______ as ""poorly conceived"" and ""sloppily executed.""",,,v1.0,v1.1,v1.2,v1.4,,,,Response,36 billion metric tons of CO₂. ,,,,v1.0,v1.1,,,,,Response,"Calling Grandma a ""fascist bimbo.""",,,v1.0,,
Prompt,"Tonight on SNICK: ""Are You Afriad of ______?",,,v1.0,v1.1,v1.2,v1.4,,,,Response,"A chart that just says ""SHIT BAD."" ",,,,v1.0,v1.1,,,,,Response,Christopher Columbus.,,,v1.0,,
Prompt,"Up next on Nickelodeon: ""Clarissa Explains ______.""",,,v1.0,v1.1,v1.2,v1.4,,,,Response,"A massive, coordinated international effort to stop climate change.",,,,v1.0,v1.1,,,,,Response,Dead cops.,,,v1.0,,
,,,,,,,,,,,Response,Ball sweat.,,,,v1.0,v1.1,,,,,Response,Expressing offensive views behind closed doors with longtime friends.,,,v1.0,,
Response,A bus that will explode if it goes under 50 miles per hour.,,,v1.0,v1.1,v1.2,v1.4,,,,Response,Dead whales all over the place.,,,,v1.0,v1.1,,,,,Response,Gender-affirming surgery.,,,v1.0,,
Response,"A mulatto, an albino, a mosquito, and my libido.",,,v1.0,v1.1,v1.2,,,,,Response,Eating Grandma to survive.,,,,v1.0,v1.1,,,,,Response,Getting mad at someone for not getting mad enough about what I'm mad about.,,,v1.0,,
Response,A threesome with 1996 Denise Richards and 1999 Denise Richards.,,,,,v1.2,v1.4,,,,Response,Empty promises and half measures. ,,,,v1.0,v1.1,,,,,Response,"Googling ""how to do an at-home abortion.""",,,v1.0,,
Response,Angels interfering in an otherwise fair baseball game.,,,v1.0,v1.1,v1.2,,,,,Response,Everybody giving Al Gore the apology-blowjob he deserves.,,,,,v1.1,,,,,Response,Grooming minors.,,,v1.0,,
Response,Cool 90s up-in-the-front hair.,,,v1.0,v1.1,v1.2,v1.4,,,,Response,Fucking a tree.,,,,v1.0,v1.1,,,,,Response,Hunter Biden's cock.,,,v1.0,,
Response,Deregulating the mortgage market.,,,v1.0,v1.1,v1.2,v1.4,,,,Response,Getting hurled into a wildfire by a hurricane. ,,,,v1.0,v1.1,,,,,Response,"January 6th, 2021.",,,v1.0,,
Response,Freeing Willy.,,,v1.0,v1.1,v1.2,v1.4,,,,Response,Giving billions of taxpayer dollars to oil companies.,,,,v1.0,,,,,,Response,Making it about race.,,,v1.0,,
Response,Getting caught up in the CROSSFIRE™.,,,v1.0,v1.1,,,,,,Response,Hot.,,,,v1.0,v1.1,,,,,Response,Marjorie Taylor Greene.,,,v1.0,,
Response,"Getting jiggy with it, as it were.",,,,,,v1.4,,,,Response,Human extinction.,,,,v1.0,v1.1,,,,,Response,My constitutional right to carry a concealed submachine gun into Chipotle.,,,v1.0,,
Response,Jerking off to a 10-second RealMedia clip.,,,v1.0,v1.1,v1.2,v1.4,,,,Response,Ignoring climate change and hoping it goes away.,,,,v1.0,v1.1,,,,,Response,Nazis being a thing again.,,,v1.0,,
Response,Kurt Cobain's death.,,,v1.0,v1.1,v1.2,v1.4,,,,Response,"Living in a pineapple under the sea, because of climate change.",,,,v1.0,v1.1,,,,,Response,Pedophile Island.,,,v1.0,,
Response,Letting Tim Allen do the Home Improvement grunt into my pussy.,,,,,,v1.4,,,,Response,Not believing in science.,,,,v1.0,v1.1,,,,,Response,Pretending to be Native American.,,,v1.0,,
Response,Liking big butts and not being able to lie about it.,,,v1.0,v1.1,v1.2,v1.4,,,,Response,OH MY GOD WE'RE ALL GOING TO DIE. ,,,,v1.0,v1.1,,,,,Response,Privilege.,,,v1.0,,
Response,Log™.,,,v1.0,v1.1,v1.2,v1.4,,,,Response,Plastic.,,,,v1.0,v1.1,,,,,Response,Scanning a QR code to learn more about how Home Depot is celebrating LGBTQ voices.,,,v1.0,,
Response,Painting with all the colors of the wind.,,,,,v1.2,v1.4,,,,Response,Post-apocalyptic bear-cockroaches.,,,,v1.0,v1.1,,,,,Response,Shameless hypocrisy.,,,v1.0,,
Response,Pamela Anderson's boobs running in slow motion.,,,v1.0,v1.1,v1.2,v1.4,,,,Response,Regulatory capture.,,,,v1.0,v1.1,,,,,Response,"Stuffing Tucker Carlson in the microwave and pressing ""potato.""",,,v1.0,,
Response,Patti Mayonnaise.,,,v1.0,v1.1,v1.2,v1.4,,,,Response,Sucking the farts out of a cow's butthole.,,,,v1.0,v1.1,,,,,Response,Tattooing my balls blue and yellow in solidarity with Ukraine.,,,v1.0,,
Response,"Pizza in the morning, pizza in the evening, pizza at supper time.",,,v1.0,v1.1,v1.2,v1.4,,,,Response,The Great Pacific Garbage Patch.,,,,v1.0,v1.1,,,,,Response,The Wuhan Institute of Virology.,,,v1.0,,
Response,"Pure Moods, Vol. 1.",,,v1.0,v1.1,v1.2,,,,,Response,The increasingly depressing narration in nature documentaries.,,,,v1.0,v1.1,,,,,Response,Today's mass shooting.,,,v1.0,,
Response,Several Michael Keatons,,,v1.0,v1.1,v1.2,,,,,Response,The world going to shit.,,,,v1.0,v1.1,,,,,Response,"Using the word ""Latinx.""",,,v1.0,,
Response,Stabbing the shit out of a Capri Sun.,,,v1.0,v1.1,v1.2,v1.4,,,,Response,Titty sweat.,,,,v1.0,v1.1,,,,,Response,Using they/them pronouns.,,,v1.0,,
Response,Sucking the president's dick.,,,v1.0,v1.1,v1.2,v1.4,,,,Response,"Trying to stop climate change with weird chemicals, but accidentally creating a new ice age, and now the only surviving humans are stuck on a cyberpunk murder-train.",,,,v1.0,v1.1,,,,,,,,,,,
Response,Sunny D! Alright!,,,v1.0,v1.1,v1.2,v1.4,,,,,,,,,,,,,,,,TOTALS:,,,30,0,0
Response,The 1996 Chicago Bulls.,,,,,,v1.4,,,,,TOTALS:,TOTALS:,,,30,30,0,0,0,,,,,,,,
Response,The Great Cornholio.,,,v1.0,v1.1,v1.2,v1.4,,,,,,,,,,,,,,,,,,,,,
Response,The Y2K bug.,,,v1.0,v1.1,v1.2,,,,,,,,,,,,,,,,,,,,,,
Response,Wearing Nicolas Cage's face.,,,v1.0,v1.1,v1.2,v1.4,,,,,,,,,,,,,,,,,,,,,
Response,"Yelling ""girl power!"" and doing a high kick.",,,v1.0,v1.1,,,,,,,,,,,,,,,,,,,,,,,
,,,,,,,,,,,,,,,,,,,,,,,,,,,,
,TOTALS:,,,30,30,30,30,0,0,,,,,,,,,,,,,,,,,,,
,,,,,,,,,,,,,,,,,,,,,,,,,,,,
Set,Fantasy Pack,Special,Duplicates,v1.0,v1.1a,v1.1b,v1.2,,,,Set,Geek Pack,Special,Special,Source,v1.0,v1.1a,v1.1b,v1.2,,,Set,Movie Night Box,Special,Duplicates,v1.0,,
,"32 cards
Released: November 19, 2015. 
Icon: A Hitachi Magic Wand.
Updated icon: v1.1a a wand with a star on it
v1.1b released with Nerd Bundle with a couple new cards.",,,,,,,,,,,"30 cards
Released: May 3, 2016. 
Icon: A game controller D-Pad.
Updated Icon: v1.1a a gameboy
Note: originally in packs given away at PAX East and PAX Prime in 2013 and 2014. The cards are annoted with which PAX pack each card originally came from, but the annotations do not appear on the cards.
v1.1b released with Nerd Bundle with one new card.",,,,,,,,,,,"The Movie Night Box includes everything you need for the ultimate movie night experience:
•The all-new 30-card MOVIE PACK!
•A bag of microwave BUTTER POPCORN!
•A big shaker of CLAM-O-NAISE Seasoning to shake all over that popcorn!
•Four (4) packets of sweet, tangy FUN DIP!
•One ticket to stream all of the films in the Cards Against Humanity Short Film Festival & VOTE for which one should win $100,000!

Here come 30 all-new cards about those moving pictures everyone calls ""movies.""

Release Date: October 1, 2023
Icon: film clapboard
",,,,,
,,,,,,,,,,,,,,,,,,,,,,,,,,,,
Prompt,"And in the end, the dragon was not evil; he just wanted ______.",,,v1.0,v1.1a,v1.1b,v1.2,,,,Prompt,______ is OP. Please nerf.,,,,,,v1.1b,v1.2,,,Prompt,And the Acadamy Award for Best Picture goes to... ______ Everywhere All At Once!,,,v1.0,,
Prompt,"Critics are raving about HBO's new fantasy series, ""______ of ______.""",,,,,,v1.2,,,,Prompt,______ is way better in ______ mode.,,PICK 2,Pax East 2014,v1.0,v1.1a,v1.1b,,,,Prompt,"Coming to theaters, He Got ______: A Spike Lee Joint.",,,v1.0,,
Prompt,"Critics are raving about HBO's new Game of Thrones spin-off, ""______ of ______.""",PICK 2,,v1.0,v1.1a,v1.1b,,,,,Prompt,______: Achievement unlocked.,,,Pax Prime 2013,v1.0,v1.1a,v1.1b,v1.2,,,Prompt,"Fans are up in arms after learning that the new ""Little Mermaid"" is ______.",,,v1.0,,
Prompt,"Having tired of poetry and music, the immortal elves now fill their days with ______.",,,v1.0,v1.1a,v1.1b,v1.2,,,,Prompt,"(Heavy breathing) Luke, I am ______.",,,Pax East 2014,v1.0,v1.1a,v1.1b,v1.2,,,,,,,,,
Prompt,Legend tells of a princess who has been asleep for a thousand years and can only be awoken by ______.,,,v1.0,v1.1a,v1.1b,v1.2,,,,Prompt,Press ↓ ↓ ← → B to unleash ______.,,,Pax East 2013 Pack C,v1.0,v1.1a,v1.1b,v1.2,,,Response,"A Batman movie where Batman gets bitten by a radioactive snake, which turns him into Snake Batman, and he slithers around Gotham swallowing criminals.",,,v1.0,,
Prompt,"Who blasphemes and bubbles at the center of all infinity, whose name no lips dare speak aloud, and who gnaws hungrily in inconceivable, unlighted chambers beyond time?",,,v1.0,v1.1a,v1.1b,v1.2,,,,Prompt,What made Spock cry?,,,Pax Prime 2013,v1.0,v1.1a,v1.1b,v1.2,,,Response,A bunch of crazy anime shit.,,,v1.0,,
Prompt,"Your father was a powerful wizard, Harry. Before he died, he left you something very precious: ___.",,,v1.0,v1.1a,v1.1b,v1.2,,,,Prompt,What's the latest bullshit that's troubling this quaint fantasy town?,,,Pax Prime 2013,v1.0,v1.1a,v1.1b,v1.2,,,Response,A Human Centipede-type scenario.,,,v1.0,,
,,,,,,,,,,,,,,,,,,,,,,Response,"A movie where two hot people fall in love, but there's a problem.",,,v1.0,,
Response,A CGI dragon.,,,v1.0,v1.1a,v1.1b,v1.2,,,,Response,A fully-dressed female videogame character.,,,Pax Prime 2013,v1.0,v1.1a,v1.1b,v1.2,,,Response,A sudden jump cut to Ed Harris fucking a swan.,,,v1.0,,
Response,A dwarf who won't leave you alone until you compare penis sizes.,,,v1.0,v1.1a,v1.1b,,,,,Response,A grumpy old Harrison Ford who'd rather be doing anything else.,,,Pax East 2014,v1.0,v1.1a,v1.1b,v1.2,,,Response,A whole lot of Jews.,,,v1.0,,
Response,A gay sorcerer who turns everyone gay.,,,v1.0,v1.1a,v1.1b,,,,,Response,"A homemade, cum-stained Star Trek uniform.",,,Pax Prime 2013,v1.0,v1.1a,v1.1b,v1.2,,,Response,Accidentally spilling John Wick's coffee.,,,v1.0,,
Response,A ghoul.,,,v1.0,v1.1a,v1.1b,v1.2,,,,Response,Achieving 500 actions per minute.,,,Pax East 2013 Pack C,v1.0,v1.1a,v1.1b,v1.2,,,Response,An all-female reboot of The Godfather.,,,v1.0,,
Response,A gnome who won’t leave you alone until you compare penis sizes.,,,,,,v1.2,,,,Response,An unskippable cutscene.,,,,,,,v1.2,,,Response,"Dave Bautista's huge, muscular neck.",,,v1.0,,
Response,A Hitachi Magic Wand.,,,v1.0,v1.1a,v1.1b,v1.2,,,,Response,Charging up all the way.,,,Pax East Pack C,v1.0,v1.1a,v1.1b,,,,Response,Dispensing hot popcorn butter all over my tight little asshole.,,,v1.0,,
Response,A hot swamp full of horny witches.,,,,,,v1.2,,,,Response,Eating a pizza that's lying in the street to gain health.,,,Pax Prime 2013,v1.0,v1.1a,v1.1b,v1.2,,,Response,Diverse casting decisions.,,,v1.0,,
Response,A magical kingdom with dragons and elves and no black people.,,,v1.0,v1.1a,,,,,,Response,Endless ninjas.,,,Pax East 2014,v1.0,v1.1a,v1.1b,v1.2,,,Response,"Explosions, shouting, guns, breasts, etc.",,,v1.0,,
Response,"A mysterious, floating orb.",,,v1.0,v1.1a,v1.1b,v1.2,,,,Response,"Forgetting to eat, and consequently dying.",,,Pax East 2013 Pack C,v1.0,v1.1a,v1.1b,v1.2,,,Response,Getting my balls smashed in a film clapboard.,,,v1.0,,
Response,A weed elemental who gets everyone high.,,,v1.0,v1.1a,v1.1b,v1.2,,,,Response,Getting bitch slapped by Dhalsim.,,,Pax East 2013 Pack A,v1.0,v1.1a,v1.1b,v1.2,,,Response,Getting slapped by Will Smith.,,,v1.0,,
Response,Accidentally conjuring a legless horse that can't stop ejaculating.,,,v1.0,v1.1a,v1.1b,v1.2,,,,Response,Getting bitten by a radioactive spider and then battling leukemia for 30 years.,,,Pax East 2014,v1.0,v1.1a,v1.1b,v1.2,,,Response,Having sex with all the cars from Cars.,,,v1.0,,
Response,Astral-projecting into the Goat Realm.,,,,,v1.1b,v1.2,,,,Response,KHAAAAAAAAAN!,,,Pax East 2014,v1.0,v1.1a,v1.1b,v1.2,,,Response,"I am Groot I am Groot I am Groot ARE YOU LAUGHING YET? I am Groot I am Groot I am Groot ISN'T IT FUNNY? I am Groot I am Groot I am Groot HAHAHA IT'S SO FUCKING FUNNY THAT'S ALL HE CAN SAY, GOD I LOVE MARVEL.",,,v1.0,,
Response,Bathing naked in a moonlit grove.,,,v1.0,v1.1a,v1.1b,v1.2,,,,Response,Lag.,,,,,,,v1.2,,,Response,James Cameron staring in the mirror and wondering why he's devoted thirty years of his life to blue-alien hentai.,,,v1.0,,
Response,Dinosaurs who wear armor and you ride them and they kick ass.,,,v1.0,v1.1a,v1.1b,v1.2,,,,Response,Leroooooooooooy Jenkins!,,,,,,,v1.2,,,Response,Jumanji.,,,v1.0,,
Response,Eternal darkness.,,,v1.0,v1.1a,v1.1b,v1.2,,,,Response,Loading from a previous save.,,,Pax East 2013 Pack B,v1.0,v1.1a,v1.1b,v1.2,,,Response,Laura Dern.,,,v1.0,,
Response,Foraging for berries in yonder wood.,,,,,v1.1b,v1.2,,,,Response,Microtransactions.,,,,,,,v1.2,,,Response,Marty McFly's horny mom.,,,v1.0,,
Response,"Freaky, pan-dimensional sex with a demigod.",,,v1.0,v1.1a,v1.1b,v1.2,,,,Response,My anime body pillow.,,,,,,,v1.2,,,Response,Quentin Tarantino's foot fetish.,,,v1.0,,
Response,Gender equality.,,,v1.0,v1.1a,v1.1b,v1.2,,,,Response,Offering sexual favors for an ore and a sheep.,,,Pax Prime 2013,v1.0,v1.1a,v1.1b,v1.2,,,Response,Shamelessly pandering to the lowest common denominator.,,,v1.0,,
Response,Going on an epic adventure and learning a valuable lesson about friendship.,,,v1.0,v1.1a,v1.1b,v1.2,,,,Response,Running out of stamina.,,,Pax East 2013 Pack A,v1.0,v1.1a,v1.1b,,,,Response,Some kind of psychosexual David Lynch situation.,,,v1.0,,
Response,Handcuffing a wizard to a radiator and dousing him with kerosene.,,,v1.0,v1.1a,v1.1b,v1.2,,,,Response,Separate drinking fountains for dark elves.,,,Pax East 2014,v1.0,v1.1a,,,,,Response,Subtext.,,,v1.0,,
Response,Hodor.,,PAX East 2014,v1.0,v1.1a,v1.1b,,,,,Response,Ser Jorah Mormont's cerulean-blue balls.,,,Pax East 2014,v1.0,v1.1a,v1.1b,,,,Response,The movie White Chicks.,,,v1.0,,
Response,How hot Orlando Bloom was in Lord of the Rings.,,,v1.0,v1.1a,v1.1b,v1.2,,,,Response,Sharpening a foam broadsword on a foam whetstone.,,,Pax East 2013 Pack B,v1.0,v1.1a,v1.1b,,,,Response,The Muppet adaptation of Schindler's List.,,,v1.0,,
Response,Kneeing a wizard in the balls.,,,v1.0,v1.1a,v1.1b,v1.2,,,,Response,Stuffing my balls into a Sega Genesis and pressing the power button.,,,Pax East 2014,v1.0,v1.1a,v1.1b,v1.2,,,Response,Whacking off to the diarrhea scene in Bridesmaids.,,,v1.0,,
Response,Make-believe stories for autistic white men.,,,v1.0,v1.1a,,,,,,Response,Taking 2d6 emotional damage.,,,Pax East 2014,v1.0,v1.1a,v1.1b,v1.2,,,,,,,,,
Response,Reading The Hobbit under the covers while mom and dad scream at each other downstairs.,,,v1.0,v1.1a,v1.1b,v1.2,,,,Response,Tapping Serra Angel. ,,,Pax Prime 2013,v1.0,v1.1a,v1.1b,,,,,TOTALS:,,,30,0,0
Response,Shitting in a wizard's spell book and jizzing in his hat.,,,v1.0,v1.1a,v1.1b,v1.2,,,,Response,The Cock Ring of Alacrity.,,,Pax Prime 2013,v1.0,v1.1a,v1.1b,v1.2,,,,,,,,,
Response,Shooting a wizard with a gun.,,,v1.0,v1.1a,v1.1b,v1.2,,,,Response,The collective wail of every Magic player suddenly realizing that they've spent hundreds of dollars on pieces of cardboard.,,,Pax Prime 2013,v1.0,v1.1a,v1.1b,v1.2,,,,,,,,,
Response,The all-seeing Eye of Sauron.,,,v1.0,v1.1a,v1.1b,v1.2,,,,Response,The depression that ensues after catching 'em all.,,,Pax East 2013 Pack B,v1.0,v1.1a,v1.1b,v1.2,,,,,,,,,
Response,"The bond of brotherhood forged in battle, unbreakable and eternal.",,,,,,v1.2,,,,Response,Waluigi.,,,,,,,v1.2,,,,,,,,,
Response,"The card Neil Gaiman wrote: ""Three elves at a time.""",,,v1.0,v1.1a,v1.1b,,,,,Response,Yoshi's huge egg-laying cloaca. ,,,Pax Prime 2013,v1.0,v1.1a,v1.1b,v1.2,,,,,,,,,
Response,"Ticketmaster, LORD of Tickets, ENFORCER of Surcharges, DENIER of Refunds!",,,,,,v1.2,,,,,,,,,,,,,,,,,,,,,
Response,True love's kiss.,,,v1.0,v1.1a,v1.1b,v1.2,,,,,TOTALS:,TOTALS:,,,30,30,30,30,0,,,,,,,,
,,,,,,,,,,,,,,,,,,,,,,,,,,,,
,TOTALS:,,,32,32,32,32,0,0,,,,,,,,,,,,,,,,,,,
,,,,,,,,,,,Set,World Wide Web Pack,Special,Special,Notes,v1.0,v1.1,,,,,Set,Pussy Pack,Special,Duplicates,V1.0,,
Set,Period Pack,Special,Duplicates,v1.0,,,,,,,,"30 cards 
Released: November 19, 2015. 
Icon: @
Updated Icon: Globe with mouse pointer
 ",,,,,,,,,,,"30 all-new horrible cards selected live by Noelle from @bap.kat w/ 2 exclusive picture cards featuring Noelle—only 10,000 copies made.

Release Date: October 2024 TBD
Icon: An astrick
",,,,,
,"30 cards
Released: 7/11/17. 
Icon: Three Blood Droplets
Updated Icon: tampon with blood drops",,,,,,,,,,,,,,,,,,,,,,,,,,,
,,,,,,,,,,,Prompt,"Don't worry, Penny! Go Go Gadget ______!",,,u/lunchtabler,v1.0,v1.1,,,,,Prompt,______? Bap!,"exclusive cards to first 10,000",,,,
Prompt,Can a woman really have it all? A career and ______?,,,v1.0,,,,,,,Prompt,I need you like ______ needs ______.,PICK 2,PICK 2,u/budde_,v1.0,v1.1,,,,,Response,[picture of Noelle's butt],"exclusive cards to first 10,000",,,,
Prompt,"My body, my voice! ______, my choice!",,,v1.0,,,,,,,Prompt,"I'm just gonna stay in tonight. You know, Netflix and ______.",,,u/trippysnail,v1.0,v1.1,,,,,,,,,,,
Prompt,My vagina's angry. My vagina's furious and needs to talk. It needs to talk about ______.,,,v1.0,,,,,,,Prompt,"Nothing says ""I love you"" like ______.",,,u/budde_,v1.0,v1.1,,,,,Response,[picture of an angry hairless cat],,,v1.0,,
Prompt,"New fom Mattel, it's ______ Barbie!",,,v1.0,,,,,,,Prompt,Such ______. Very ______. Wow.,PICK 2,PICK 2,u/chaosprime,v1.0,v1.1,,,,,Response,A box with a 50% chance of a dead cat in it.,,,v1.0,,
Prompt,Tampax: Don’t let your period ruin ______.,,,v1.0,,,,,,,Prompt,"This app is basically Tinder, but for ______.",,,u/Cassiyus,v1.0,v1.1,,,,,Response,A gift of a dead chipmunk.,,,v1.0,,
Prompt,What gets me wet?,,,v1.0,,,,,,,Prompt,TRIGGER WARNING: ______.,,,u/SaintZvlkx,v1.0,v1.1,,,,,Response,Banning TikTok.,,,v1.0,,
,,,,,,,,,,,Prompt,What did I nickname my genitals?,,,u/Keeyez,v1.0,v1.1,,,,,Response,Being someone's property.,,,v1.0,,
Response,A diverse group of female friends casually discussing the side effects of birth control.,,,v1.0,,,,,,,Prompt,"You guys, you can buy ______ on the dark web.",,,u/GibsonGolden,v1.0,,,,,,Response,Bombing a preschool.,,,v1.0,,
Response,A woman president.,,,v1.0,,,,,,,,,,,,,,,,,,Response,Bussy.,,,v1.0,,
Response,Always© Infinity Extra Heavy Overnight Pads with Wings.,,,v1.0,,,,,,,Response,A complete inability to understand anyone else's perspective.,,,u/nezumipi,v1.0,v1.1,,,,,Response,Catfishing.,,,v1.0,,
Response,An emotionally draining friendship.,,,v1.0,,,,,,,Response,"A fun, sexy time at the nude beach.",,,u/rauhan42,v1.0,v1.1,,,,,Response,Chicken bones from the trash can.,,,v1.0,,
Response,Carrying a fetus to term.,,,v1.0,,,,,,,Response,A man from Craigslist.,,,u/locabus,v1.0,v1.1,,,,,Response,Destigmatizing bestiality.,,,v1.0,,
Response,Catching a whiff of my vag.,,,v1.0,,,,,,,Response,A night of Taco Bell and anal sex.,,,u/jacfalcon,v1.0,v1.1,,,,,Response,Dying at age 15.,,,v1.0,,
Response,Dancing carefree in white linen pants.,,,v1.0,,,,,,,Response,A respectful discussion of race and gender on the Internet.,,,u/respite,v1.0,v1.1,,,,,Response,Eating my sister's hamster. ,,,v1.0,,
Response,Destroying a pair of underwear.,,,v1.0,,,,,,,Response,Cat massage.,,,u/WhatNot303,v1.0,v1.1,,,,,Response,"Falling down the stairs, dying, and getting eaten by my cat.",,,v1.0,,
Response,Drinking Beyoncé's DivaCup and becoming immortal.,,,v1.0,,,,,,,Response,Destroying Dick Cheney's last horcrux.,,,u/the_xaiax,v1.0,,,,,,Response,Feline AIDS.,,CATS theatre,v1.0,,
Response,Driving my daughter to her abortion.,,,v1.0,,,,,,,Response,Game of Thrones spoilers.,,,u/Zulais,v1.0,,,,,,Response,Finally hazzing cheezburger. ,,,v1.0,,
Response,Eating three sleeves of Chips Ahoy!,,,v1.0,,,,,,,Response,Getting death threats.,,,,,v1.1,,,,,Response,Having no opinion about whether the Holocaust happened.,,,v1.0,,
Response,Feeling bloaty and crampy.,,,v1.0,,,,,,,Response,Getting teabagged by a fifth grader in Call of Duty.,,,u/Majikku,v1.0,v1.1,,,,,Response,Killing 2.4 billion birds every year. ,,,v1.0,,
Response,Feeling lots of feelings.,,,v1.0,,,,,,,Response,Goats screaming like people.,,,u/grabmydrumstick,v1.0,v1.1,,,,,Response,Leaving a dog in a hot car. ,,,v1.0,,
Response,Full bush.,,,v1.0,,,,,,,Response,Googling.,,,u/RustbeltTramp,v1.0,,,,,,Response,Lesbian catgirls.,,,v1.0,,
Response,How bloody that dick's about to be.,,,v1.0,,,,,,,Response,Internet porn analysis paralysis.,,,u/AchillesPDX,v1.0,v1.1,,,,,Response,Licking my own asshole.,,,v1.0,,
Response,Masturbating with a Sonicare.,,,v1.0,,,,,,,Response,Lofi hip hop beats to relax/study to.,,,,,v1.1,,,,,Response,Livestreaming my anus while the poop comes out.,,,v1.0,,
Response,Period globs.,,,v1.0,,,,,,,Response,Matching with Mom on Tinder.,,,u/seanbooker,v1.0,v1.1,,,,,Response,Monetizing my pussy.,,,v1.0,,
Response,Playing with my pussy while I watch TV.,,,v1.0,,,,,,,Response,My browser history.,,,u/sylviamadethis,v1.0,v1.1,,,,,Response,My legal right to defecate anywhere I want on my own property. ,,,v1.0,,
Response,Post-partum depression.,,,v1.0,,,,,,,Response,My privileged white penis.,,,u/WhatNot303,v1.0,v1.1,,,,,Response,My rough little tongue.,,,v1.0,,
Response,Pulling out a never-ending tampon.,,,v1.0,,,,,,,Response,Pretending to be black.,,,u/SUSAN_IS_A_BITCH,v1.0,v1.1,,,,,Response,Secretly pissing behind the couch every day.,,,v1.0,,
Response,Pussy lips of all shapes and sizes.,,,v1.0,,,,,,,Response,Smash Mouth.,,,u/thealmightydru,v1.0,v1.1,,,,,Response,Setting a dog on fire and watching it die. ,,,v1.0,,
Response,Ringing out a sopping wet maxi pad into Donald Trump's mouth.,,,v1.0,,,,,,,Response,Some racist-ass shit.,,,,,v1.1,,,,,Response,Telling you to kill yourself. ,,,v1.0,,
Response,The vagina hole.,,,v1.0,,,,,,,Response,Taking a shit while running at full speed.,,,u/UltraBlumpkin07,v1.0,v1.1,,,,,Response,The undeniable sex appeal of cats.,,,v1.0,,
Response,Using a Smucker's Uncrustable™ as a maxi pad.,,,v1.0,,,,,,,Response,That thing on the Internet everyone's talking about.,,,u/swim_to_survive,v1.0,,,,,,Response,Tummy rubs.,,,v1.0,,
,,,,,,,,,,,Response,Three years of semen in a shoebox.,,,u/TBoneTheOriginal,v1.0,v1.1,,,,,Response,Validation from internet strangers.,,,v1.0,,
,TOTALS:,,,30,0,0,0,0,0,,Response,Tweeting an apology.,,,,,v1.1,,,,,,,,,,,
,,,,,,,,,,,Response,W. W. W. DOT BIG DADDY SEX HOLE DOT COM.,,,,,v1.1,,,,,,TOTALS:,,,30,,
,,,,,,,,,,,Response,Youtube comments.,,,u/BaronVonChang,v1.0,v1.1,,,,,,,,,,,
,,,,,,,,,,,,,,,,,,,,,,,,,,,,
,,,,,,,,,,,,TOTALS:,,,,30,30,0,0,0,,,,,,,,
,,,,,,,,,,,,,,,,,,,,,,,,,,,,
,,,,,,,,,,,Set,Weed Pack,Special,Special,Duplicates,v1.1,,,,,,,,,,,,
Set,College Pack,Special,Duplicates,v1.0,v1.1,v1.2,,,,,,"30 cards
Released: 7/11/17. 
Icon: Cannabis Leaf
Updated Icon: cannabis leaf with a smile",,,,,,,,,,,,,,,,
,"30 cards
Released: July 29, 2018  
Icon: Plastic cup
Updated Icon: beer can (updated Nov 2020 v 1.2)",,,,,,,,,,,,,,,,,,,,,,,,,,,
,"Comes with a special 18"" by 24"" poster for your dorm room.",,,,,,,,,,Prompt,Everyone is staring at you because you're ___.,,,,v1.0,,,,,,,,,,,,
,,,,,,,,,,,Prompt,"Hold up. I gotta deal with ___, then l'mma smoke this.",,,,v1.0,,,,,,,,,,,,
Prompt,All classes today are cancelled due to ______.,,,v1.0,v1.1,v1.2,,,,,Mechanic ,"Instead of playing a card this round, everyone must stare the Card Czar while making a sound you'd make after tasting something delicious.",,MECHANIC,,v1.0,,,,,,,,,,,,
Prompt,Did you know? Our college was recently named the #1 school for ______!,,,v1.0,v1.1,v1.2,,,,,Prompt,"Okay here's the pitch. James Franco and Seth Rogen are trying to score some weed, and then ___ happens.",,,,v1.0,,,,,,,,,,,,
Prompt,"In this paper, I will explore ______ from a feminist perspective.",,,v1.0,v1.1,v1.2,,,,,Prompt ,"You know what's, like, really funny when you think about it? ___.",,,,v1.0,,,,,,,,,,,,
Prompt,My memory of last night is pretty hazy. I remember ______ and that's pretty much it.,,,v1.0,v1.1,v1.2,,,,,,,,,,,,,,,,,,,,,,
Prompt,"Pledges! Time to prove you're Delta Phi material. Chug this beer, take off your shirts, and get ready for ______.",,,v1.0,v1.1,v1.2,,,,,Response,A bong rip so massive it restores justice to the kingdom.,,,,v1.0,,,,,,,,,,,,
Prompt,The Department of Psychology is looking for paid research volunteers. Are you 18-25 and suffering from ______.,,,v1.0,v1.1,v1.2,,,,,Response,A sandwich with Cheetos in it!,,,,v1.0,,,,,,,,,,,,
,,,,,,,,,,,Response,A whole cheese pizza just for me.,,,,v1.0,,,,,,,,,,,,
Response,A 30-rack of Natty Light.,,,,,v1.2,,,,,Response,An eight-foot man smoking a six-foot bong.,,,,v1.0,,,,,,,,,,,,
Response,A bachelor's degeree in communications.,,,v1.0,v1.1,v1.2,,,,,Response,Ancient aliens.,,,HOOK ,v1.0,,,,,,,,,,,,
Response,A girl who is so interesting that she has blue hair.,,,v1.0,v1.1,v1.2,,,,,Response,Being too high for airplane.,,,,v1.0,,,,,,,,,,,,
Response,A Yale man.,,,v1.0,v1.1,v1.2,,,,,Response,Cheese crunchies.,,,,v1.0,,,,,,,,,,,,
Response,An emergency all-floor meeting on inclusion.,,,v1.0,v1.1,v1.2,,,,,Response,Dank ass cancer weed.,,,,v1.0,,,,,,,,,,,,
Response,Boycotting Israel. ,,,,,v1.2,,,,,Response,Dicking around on the guitar for an hour.,,,,v1.0,,,,,,,,,,,,
Response,Calling mom because it's just really hard and I miss her and I don't know anyone here.,,,v1.0,v1.1,v1.2,,,,,Response,Dropping stuff and knocking everything over.,,,,v1.0,,,,,,,,,,,,
Response,Falling in love with poetry.,,,v1.0,v1.1,v1.2,,,,,Response,Eating all the skin off a rotisserie chicken.,,,,v1.0,,,,,,,,,,,,
Response,Five morons signing a lease together.,,,v1.0,v1.1,v1.2,,,,,Response,Forgetting to breathe and then dying.,,,,v1.0,,,,,,,,,,,,
Response,Fucking the beat boxer from the a cappella group.,,,v1.0,v1.1,v1.2,,,,,Response,Getting high and watching Planet Earth.,,,,v1.0,,,,,,,,,,,,
Response,"Going to college and becoming a new person, who has sex.",,,v1.0,v1.1,v1.2,,,,,Response,Grinning like an idiot.,,,,v1.0,,,,,,,,,,,,
Response,Googling how to eat pussy.,,,v1.0,v1.1,v1.2,,,,,Response,Hot tub.,,,,v1.0,,,,,,,,,,,,
Response,Horny Christian Teens.,,,,v1.1,v1.2,,,,,Response,How bright the sun is.,,,,v1.0,,,,,,,,,,,,
Response,How many Asians there are.,,,v1.0,,,,,,,Response,Huge popcorn nugs of hairy alien weed.,,,,v1.0,,,,,,,,,,,,
Response,My high school boyfriend.,,,v1.0,v1.1,v1.2,,,,,Response,My own fingers.,,,,v1.0,,,,,,,,,,,,
Response,Performative wokeness.,,,v1.0,v1.1,v1.2,,,,,Response,Smoking a blunt butt-ass naked.,,,,v1.0,,,,,,,,,,,,
Response,Pretending to have done the reading.,,,v1.0,v1.1,v1.2,,,,,Response,Smoking a joint with former President Barack Obama.,,,,v1.0,,,,,,,,,,,,
Response,Rocking a 1.5 GPA.,,,v1.0,v1.1,v1.2,,,,,Response,Snoop Dogg.,,,,v1.0,,,,,,,,,,,,
Response,Sucking a flaccid penis for 20 minutes.,,,v1.0,v1.1,v1.2,,,,,Response,"The banks, the media, the entire system, man.",,,,v1.0,,,,,,,,,,,,
Response,The sound of my roommate masturbating.,,,v1.0,v1.1,v1.2,,,,,Response,Too much edibles.,,,,v1.0,,,,,,,,,,,,
Response,Throw up.,,,v1.0,v1.1,v1.2,,,,,Response,Unbelievably soft carpet.,,,,v1.0,,,,,,,,,,,,
Response,"Uggs, leggings, and a North Face.",,,v1.0,v1.1,,,,,,Response,Whatever the fuck I was just talking about.,,,,v1.0,,,,,,,,,,,,
Response,Underage drinking.,,,v1.0,v1.1,v1.2,,,,,,,,,,,,,,,,,,,,,,
Response,Valuable leadership experience.,,,v1.0,v1.1,,,,,,,TOTALS:,TOTALS:,,,30,0,0,0,0,,,,,,,,
Response,Wandering the streets in search of a party.,,,v1.0,v1.1,v1.2,,,,,,,,,,,,,,,,,,,,,,
Response,Whichever one of you took a shit in the shower.,,,v1.0,v1.1,v1.2,,,,,,,,,,,,,,,,,,,,,,
Response,Young Republicans.,,,v1.0,v1.1,v1.2,,,,,,,,,,,,,,,,,,,,,,
,,,,,,,,,,,,,,,,,,,,,,,,,,,,
,TOTALS:,,,30,30,30,0,0,0,,,,,,,,,,,,,,,,,,,
,,,,,,,,,,,Set,Cards Against Humanity Saves America,Special,Special,Holiday,v1.0,,,,,,,,,,,,
Set,Ass Pack,Special,Duplicates,v1.0,v1.1,,,,,,,"30 cards
Released: November 14, 2017.
Icon: A star
Updated Icon: a bell with a crack in it
NOTE: Originally the 2017 Holiday PromotionThe Cards Against Humanity Saves America Pack sold in the CAH Store comes with 7 Prompt cards and 23 Response cards, and does not include the Day Three Promotion cards.The Day 3 mailer included the prompt card and one of the response cards. Which response card was received depended on how the questions from the survey were answered when ordering the promotion.

",,,,,,,,,,,,,,,,
,"30 cards
Released: November 5, 2019  
Icon: a cartoon drawing of a white ass
Updated Icon: a cartoon drawing of a black ass",,,,,,,,,,,,,,,,,,,,,,,,,,,
,,,,,,,,,,,Prompt,"""They’re bringing drugs. They’re bringing crime. They’re rapists. And some, I assume, are _____.""",,,holiday,v1.0,,,,,,,,,,,,
,,,,,,,,,,,Prompt,Cry havoc and let slip ______!,,,holiday,v1.0,,,,,,,,,,,,
Prompt,I like ______ and I cannot lie!,,,v1.0,v1.1,,,,,,Prompt,"Now is the winter of our discontent, made glorious summer by ______.",,,holiday,v1.0,,,,,,,,,,,,
Prompt,"My anaconda don't want none unless you got ________, hun.",,,v1.0,v1.1,,,,,,Prompt,Oh shit! I just got ______.,,,holiday,,,,,,,,,,,,,
Prompt,"My homeboys tried to warn me, but _______ makes me so horny.",,,v1.0,v1.1,,,,,,Prompt,"The fault, dear Brutus, is not in our stars, but in ______.",,,holiday,v1.0,,,,,,,,,,,,
,,,,,,,,,,,Prompt,"We want a pitcher, not ______!",,,holiday,v1.0,,,,,,,,,,,,
Response,An ass like two football helmets.,,,v1.0,v1.1,,,,,,Prompt,"When asked about the biggest threat facing the nation, 60% of Americans said ______.",,,holiday,v1.0,,,,,,,,,,,,
Response,An ass like two old Italian faces telling secrets.,,,v1.0,v1.1,,,,,,Prompt,"You see, son, baseball is like ______. Don't overthink it.",,,holiday,v1.0,,,,,,,,,,,,
Response,Bad bitches with fat asses.,,,v1.0,v1.1,,,,,,,,,,,,,,,,,,,,,,,
,,,,,,,,,,,Response,"A $1,000 check from Cards Against Humanity!",,,holiday,,,,,,,,,,,,,
Response,Being grossly unprepared for this jelly.,,,v1.0,v1.1,,,,,,Response,A baby panda that just can't keep its eyes open.,,,holiday,v1.0,,,,,,,,,,,,
Response,Blowing a fart hole in my yoga pants.,,,v1.0,v1.1,,,,,,Response,"A full refund from Cards Against Humanity, paid for by people richer than me.",,,holiday,,,,,,,,,,,,,
Response,Carrying my poop around in a ziplock bag.,,,v1.0,v1.1,,,,,,Response,A gay Republican somehow.,,,holiday,v1.0,,,,,,,,,,,,
Response,Cellulite.,,,v1.0,v1.1,,,,,,Response,A laundry basket full of baby bunnies.,,,holiday,v1.0,,,,,,,,,,,,
Response,Cheesy French anus.,,,v1.0,v1.1,,,,,,Response,A really good dog.,,,holiday,v1.0,,,,,,,,,,,,
Response,Doing my duty to your booty.,,,v1.0,v1.1,,,,,,Response,A stack of puppies in a trench coat.,,,holiday,v1.0,,,,,,,,,,,,
Response,How good the booty taste.,,,v1.0,v1.1,,,,,,Response,Getting deported.,,,holiday,v1.0,,,,,,,,,,,,
Response,Me arse.,,,v1.0,v1.1,,,,,,Response,Guacamole.,,,holiday,v1.0,,,,,,,,,,,,
Response,My faithful donkey Bathsheba.,,,v1.0,v1.1,,,,,,Response,How easy it is to climb over a wall with a ladder.,,,holiday,v1.0,,,,,,,,,,,,
Response,Pooping and then looking at the poop.,,,v1.0,v1.1,,,,,,Response,Lou Gehrig's Disease.,,,holiday,v1.0,,,,,,,,,,,,
Response,Pulling a shit-covered condom of Fentanyl out of a dead Slovenian's asshole.,,,v1.0,,,,,,,Response,Mexicans and Muslims.,,,holiday,v1.0,,,,,,,,,,,,
Response,Rubbing sage all over my butt cancer.,,,v1.0,v1.1,,,,,,Response,My drunk father screaming from the bleachers.,,,holiday,v1.0,,,,,,,,,,,,
Response,Ruining my asshole with superglue.,,,v1.0,v1.1,,,,,,Response,My money stolen by Cards Against Humanity and redistributed to people poorer than me.,,,holiday,,,,,,,,,,,,,
Response,Shitting out a hot stack of pancakes and a pat of butter.,,,v1.0,v1.1,,,,,,Response,Our dumb asshole president.,,,holiday,v1.0,,,,,,,,,,,,
Response,Showing everyone my lil' dumper.,,,v1.0,v1.1,,,,,,Response,Slowly shaking my head at a sad statistic.,,,holiday,v1.0,,,,,,,,,,,,
Response,Sir Mix-a-lot.,,,v1.0,v1.1,,,,,,Response,Speaking in iambic pentameter.,,,holiday,v1.0,,,,,,,,,,,,
Response,"Sir Thomas Crapper, inventor of the toilet.",,,v1.0,v1.1,,,,,,Response,Taking a minute to really unpack what Shakespeare is getting at in this scene.,,,holiday,v1.0,,,,,,,,,,,,
Response,Tender anal love.,,,v1.0,v1.1,,,,,,Response,Teaching my son to love the Red Sox and hate minorities.,,,holiday,v1.0,,,,,,,,,,,,
Response,That post-smack jiggle.,,,v1.0,v1.1,,,,,,Response,The shocking stupidity of the American public.,,,holiday,v1.0,,,,,,,,,,,,
Response,The sun-ripen asses of Sicily.,,,v1.0,v1.1,,,,,,Response,The significance of eyes in King Lear.,,,holiday,v1.0,,,,,,,,,,,,
Response,Thick Ukrainian ass.,,,v1.0,v1.1,,,,,,Response,The truth.,,,holiday,v1.0,,,,,,,,,,,,
Response,"Tight, red baboon ass.",,,v1.0,v1.1,,,,,,Response,Two baby otters holding hands.,,,holiday,v1.0,,,,,,,,,,,,
Response,Tracing the furrows of your cellulitic ass like a loving cartographer.,,,,v1.1,,,,,,Response,Two hamsters nibbling on a tiny burrito.,,,holiday,v1.0,,,,,,,,,,,,
Response,Waxing my asshole.,,,v1.0,v1.1,,,,,,Response,White people becoming a minority.,,,holiday,v1.0,,,,,,,,,,,,
Response,Your ass cheeks on my face cheeks.,,,v1.0,v1.1,,,,,,Response,"Yelling ""I got it, I got it!""",,,holiday,v1.0,,,,,,,,,,,,
,,,,,,,,,,,,,,,,,,,,,,,,,,,,
,TOTALS:,,,30,30,0,0,0,0,,,TOTALS:,TOTALS:,,34,30,0,0,0,0,,,,,,,,
,,,,,,,,,,,,,,,,,,,,,,,,,,,,
,,,,,,,,,,,Set,Sci-Fi Pack,Special,Special,Duplicates,v1.0,v1.1,v1.2,,,,,,,,,,
Set,A.I. Pack,Special,Duplicates,v1.0,,,,,,,,"30 cards
Released: December 5, 2016. 
Icon: A rocket ship.
Updated Icon: v1.1. a different rocket ship",,,,,,,,,,,,,,,,
,"30 cards actually written by a machine learning algorithm trained on our brainstorming documents.

Released: December 9, 2019
Icon: circles with lines connecting them
Updated icon: robot",,,,,,,,,,,,,,,,,,,,,,,,,,,
,,,,,,,,,,,Prompt,Computer! Display ______ on screen. Enhance.,,,,v1.0,v1.1,v1.2,,,,,,,,,,
Response,"A killer’s diet of bush, cucumbers, and feathers.",,,v1.0,,,,,,,Prompt,Fear leads to anger. Anger leads to hate. Hate leads to ______.,,,,v1.0,v1.1,v1.2,,,,,,,,,,
Response,A woman who is so smart that she can predict the movements of 300 birds.,,,v1.0,,,,,,,Prompt,"Madam President, the asteroid is headed directly for Earth and there's only one thing that can stop it: ______.",,,,v1.0,v1.1,v1.2,,,,,,,,,,
Response,Finding a nipple and being like “Oooh! That’s a nipple!”,,,v1.0,,,,,,,Prompt,This won't be like negotiating with the Vogons. Humans only respond to one thing: ______.,,,,v1.0,v1.1,v1.2,,,,,,,,,,
Response,Getting Masturbated to.,,,v1.0,,,,,,,Prompt,"What is the answer to life, the universe, and everything?",,,,v1.0,v1.1,v1.2,,,,,,,,,,
Response,Giving grandma crappy things she doesn’t like.,,,v1.0,,,,,,,Prompt,You have violated the Prime Directive! You exposed an alien culture to ______ before they were ready.,,,,v1.0,v1.1,v1.2,,,,,,,,,,
Response,Ham finger.,,,v1.0,,,,,,,Prompt,"You're not going to believe this, but I'm you from the future! You've got to stop ______.",,,,v1.0,v1.1,v1.2,,,,,,,,,,
Response,Hands down the best eggnog I have ever had.,,,v1.0,,,,,,,,,,,,,,,,,,,,,,,,
Response,Insane empanadas.,,,v1.0,,,,,,,Response,[A picture of Sean Connery in the movie Zardoz],,,,v1.0,v1.1,v1.2,,,,,,,,,,
Response,"Kim Kardashian, but with spider legs.",,,v1.0,,,,,,,Response,A hazmat suit full of farts.,,,,v1.0,v1.1,v1.2,,,,,,,,,,
Response,Laughing hysterically while my partner pours coffee into my eyes.,,,v1.0,,,,,,,Response,A misty room full of glistening egg sacs.,,,,v1.0,v1.1,v1.2,,,,,,,,,,
Response,More olives than you could possibly understand.,,,v1.0,,,,,,,Response,A planet-devouring space worm named Rachel.,,,,v1.0,v1.1,v1.2,,,,,,,,,,
Response,Mr. Poop.,,,v1.0,,,,,,,Response,A protagonist with no qualities.,,,,v1.0,v1.1,v1.2,,,,,,,,,,
Response,My disgusting pot-bellied boy.,,,v1.0,,,,,,,Response,A supercomputer that predicts the future with 100% accuracy.,,,,,,v1.2,,,,,,,,,,
Response,P.F. Chang’s fusion of casual and formal cuisine.,,,v1.0,,,,,,,Response,An alternate history where Hitler was gay but he still killed all those people.,,,,v1.0,v1.1,,,,,,,,,,,
Response,Screaming “there’s a hawk up my ass!”,,,v1.0,,,,,,,Response,Astronaut pussy.,,,,,,v1.2,,,,,,,,,,
Response,Secret CIA moon prisons.,,,v1.0,,,,,,,Response,Beep beep boop beep boop.,,,,v1.0,v1.1,v1.2,,,,,,,,,,
Response,"Sitting in the back of the plane, smoking a cigar and reading the Flickr privacy policy.",,,v1.0,,,,,,,Response,Cheerful blowjob robots.,,,,v1.0,v1.1,v1.2,,,,,,,,,,
Response,Some kind of mutated shrimp that can suck dick like a pro.,,,v1.0,,,,,,,Response,Cosmic bowling.,,,,v1.0,v1.1,v1.2,,,,,,,,,,
Response,Some sort of unstoppable poo gun.,,,v1.0,,,,,,,Response,Cumming into a black hole.,,,,,,v1.2,,,,,,,,,,
Response,Stairs.,,,v1.0,,,,,,,Response,Darmok and Jalad at Tanagra.,,,,v1.0,v1.1,,,,,,,,,,,
Response,That shitty season of Mad Men where Sterling Cooper Draper Pryce gets destroyed by Daenerys Targaryen’s dragons.,,,v1.0,,,,,,,Response,Frantically writing equations on a chalkboard.,,,,v1.0,v1.1,v1.2,,,,,,,,,,
Response,The amount of emotions a peanut would be capable of holding.,,,v1.0,,,,,,,Response,Funkified aliens from the planet Groovius.,,,,v1.0,v1.1,v1.2,,,,,,,,,,
Response,The idea of a walrus.,,,v1.0,,,,,,,Response,Going too far with science and bad things happening.,,,,v1.0,v1.1,v1.2,,,,,,,,,,
Response,The lesbians of Iowa.,,,v1.0,,,,,,,Response,How great of a movie Men In Black was.,,,,v1.0,v1.1,v1.2,,,,,,,,,,
Response,The real story behind the yogurt that came out of Tina’s vagina.,,,v1.0,,,,,,,Response,Laying thousands of eggs in a man's colon.,,,,v1.0,v1.1,v1.2,,,,,,,,,,
Response,The unspeakable secrets of the weasels.,,,v1.0,,,,,,,Response,Masturbating Yoda's leathery turtle-penis.,,,,v1.0,v1.1,v1.2,,,,,,,,,,
Response,These amazing testicles I’m about to share with you.,,,v1.0,,,,,,,Response,Nine seasons of sexual tension with David Duchovny.,,,,v1.0,v1.1,v1.2,,,,,,,,,,
Response,These awesome gadgets that track my every move.,,,v1.0,,,,,,,Response,That girl from the Hunger Games.,,,,v1.0,v1.1,,,,,,,,,,,
Response,These new jeans that look so cool but are actually so bad.,,,v1.0,,,,,,,Response,The dystopia we're living in right now.,,,,v1.0,v1.1,v1.2,,,,,,,,,,
Response,What I Doin’.,,,v1.0,,,,,,,Response,The ending of Lost.,,,,v1.0,v1.1,,,,,,,,,,,
,,,,,,,,,,,Response,Three boobs.,,,,v1.0,v1.1,v1.2,,,,,,,,,,
,TOTALS:,,,30,0,0,0,0,0,,Response,Transferring my consciousness into a guinea pig.,,,,,,v1.2,,,,,,,,,,
,,,,,,,,,,,Response,Trimming the poop out of Chewbacca's butt hair.,,,,v1.0,v1.1,v1.2,,,,,,,,,,
,,,,,,,,,,,Response,Vulcan sex-madness.,,,,v1.0,v1.1,v1.2,,,,,,,,,,
,,,,,,,,,,,,,,,,,,,,,,,,,,,,
,,,,,,,,,,,,TOTALS:,TOTALS:,,,30,30,30,0,0,,,,,,,,
,,,,,,,,,,,,,,,,,,,,,,,,,,,,
,,,,,,,,,,,Set,2000s Nostalgia Pack,Special,Special,Duplicates,v1.0,v1.1,,,,,,,,,,,
Set,Science Pack,Special,Duplicates,v1.0,,,,,,,,"30 cards
Released November 5, 2019 
Icon: 00s
Updated Icon:  v1.1 a CD",,,,,,,,,,,,,,,,
,"30 cards 
Released: March 30, 2015. 
Icon: A white Erlenmeyer flask.
Updated Icon:A black Erlenmeyer flask",,,,,,,,,,,,,,,,,,,,,,,,,,,
,,,,,,,,,,,Prompt,"______? That's a no from me, dawg.",,,,v1.0,v1.1,,,,,,,,,,,
Prompt,A study published in Nature this week found that ______ is good for you in small doses.,,,v1.0,,,,,,,Prompt,16 people. 39 days of ______. One Survivor.,,,,v1.0,v1.1,,,,,,,,,,,
Prompt,"Hey there, Young Scientists! Put on your labcoats and strap on your safety goggles, because today we're learning about ______!",,,v1.0,,,,,,,Prompt,"I couldn't help but wonder. Was ""having it all"" an unattainable myth? Was the secret to a truly happy life just ______?",,,,v1.0,v1.1,,,,,,,,,,,
Prompt,"In an attempt to recreate conditions just after the Big Bang, physicists at the LHC are observing collisions between ______ and ______.",PICK 2,,v1.0,,,,,,,Prompt,Oh my god! ______ killed Kenny!,,,,v1.0,v1.1,,,,,,,,,,,
Prompt,"In line with our predictions, we find a robust correlation between ______ and ______ .",PICK 2,,v1.0,,,,,,,Prompt,Oops! I did it again. I played with ______.,,,,v1.0,v1.1,,,,,,,,,,,
Prompt,"In what's being hailed as a major breakthrough, scientists have synthesized ______ in the lab.",,,v1.0,,,,,,,,,,,,,,,,,,,,,,,,
Prompt,"Today on Mythbusters, we found out how long ______ can withstand ______.",PICK 2,,v1.0,,,,,,,Response,All these boys in my yard asking for milkshakes.,,,,v1.0,v1.1,,,,,,,,,,,
Prompt,What really killed the dinosaurs?,,,v1.0,,,,,,,Response,Being a total Miranda.,,,,v1.0,v1.1,,,,,,,,,,,
,,,,,,,,,,,Response,Blowing Lucas on an inflatable chair.,,,,v1.0,v1.1,,,,,,,,,,,
Response,3.7 billion years of evolution.,,,v1.0,,,,,,,Response,Chunky highlights.,,,,v1.0,v1.1,,,,,,,,,,,
Response,A 0.7 waist-to-hip ratio.,,,v1.0,,,,,,,Response,Collateralized debt obligations.,,,,v1.0,,,,,,,,,,,,
Response,A supermassive black hole.,,,v1.0,,,,,,,Response,Competing against 20 other women for the love of Flava Flav.,,,,v1.0,v1.1,,,,,,,,,,,
Response,Achieving reproductive success.,,,v1.0,,,,,,,Response,Cybering with diselman89.,,,,v1.0,v1.1,,,,,,,,,,,
Response,Being knowledgeable in a narrow domain that nobody understands or cares about.,,,v1.0,,,,,,,Response,Defining marriage at the union of one man and one woman.,,,,v1.0,v1.1,,,,,,,,,,,
Response,David Attenborough watching us mate.,,,v1.0,,,,,,,Response,Doing 9/11.,,,,v1.0,v1.1,,,,,,,,,,,
Response,Developing secondary sex characteristics.,,,v1.0,,,,,,,Response,Downloading a bunch of weird porn on Kazaa.,,,,v1.0,v1.1,,,,,,,,,,,
Response,Driving into a tornado to learn about tornadoes.,,,v1.0,,,,,,,Response,Getting crunk.,,,,v1.0,v1.1,,,,,,,,,,,
Response,Electroejaculating a capuchin monkey.,,,v1.0,,,,,,,Response,Getting drenched in Dave Matthew's shit and piss.,,,,v1.0,v1.1,,,,,,,,,,,
Response,Evolving a labyrinthine vagina.,,,v1.0,,,,,,,Response,Getting pwned.,,,,v1.0,v1.1,,,,,,,,,,,
Response,Explosive decompression.,,,v1.0,,,,,,,Response,Going to prom with a 108-year-old vampire.,,,,v1.0,v1.1,,,,,,,,,,,
Response,Failing the Turing test.,,,v1.0,,,,,,,Response,Hoobastank.,,,,v1.0,v1.1,,,,,,,,,,,
Response,Fun and interesting facts about rocks.,,,v1.0,,,,,,,Response,Killing Dumbledore.,,,,,v1.1,,,,,,,,,,,
Response,Getting really worried about global warming for a few seconds.,,,v1.0,,,,,,,Response,Letting the terrorists win.,,,,v1.0,v1.1,,,,,,,,,,,
Response,Infinity.,,,v1.0,,,,,,,Response,My son and business partnew H.W. Plainview.,,,,v1.0,,,,,,,,,,,,
Response,Insufficient serotonin.,,,v1.0,,,,,,,Response,Starting to be cool about gay people.,,,,v1.0,v1.1,,,,,,,,,,,
Response,Oxytocin release via manual stimulation of the nipples.,,,v1.0,,,,,,,Response,Suspicious white powder.,,,,v1.0,v1.1,,,,,,,,,,,
Response,Photosynthesis.,,,v1.0,,,,,,,Response,Taking a blurry photo of my penis on my Motorola Razr.,,,,v1.0,v1.1,,,,,,,,,,,
Response,Reconciling quantum theory with general relativity.,,,v1.0,,,,,,,Response,The conservative blogosphere.,,,,v1.0,v1.1,,,,,,,,,,,
Response,Slowly evaporating.,,,v1.0,,,,,,,Response,The new Sweet Onion Chicken Teriyaki sandwich from Subway!,,,,v1.0,v1.1,,,,,,,,,,,
Response,The quiet majesty of the sea turtle.,,,v1.0,,,,,,,Response,Trapping my Sim in a swimming pool until she shits herself.,,,,,v1.1,,,,,,,,,,,
Response,The Sun engulfing the Earth.,,,v1.0,,,,,,,Response,Two girls sharing one cup of poop.,,,,v1.0,v1.1,,,,,,,,,,,
Response,Uranus.,,,v1.0,,,,,,,Response,Vajazzling my vajayjay.,,,,v1.0,v1.1,,,,,,,,,,,
,,,,,,,,,,,Response,Weapons of mass destruction.,,,,v1.0,v1.1,,,,,,,,,,,
,TOTALS:,,,30,0,0,0,0,0,,,,,,,,,,,,,,,,,,,
,,,,,,,,,,,,TOTALS:,TOTALS:,,,30,30,0,0,0,,,,,,,,
,,,,,,,,,,,,,,,,,,,,,,,,,,,,
,,,,,,,,,,,,,,,,,,,,,,,,,,,,
,,,,,,,,,,,,,,,,,,,,,,,,,,,,
,,,,,,,,,,,,,,,,,,,,,,,,,,,,
,,,,,,,,,,,Set,Human Pack,Special,Special,Duplicates,v1.0,,,,,,,,,,,,
Set,Dad Pack/DVD Cover(s),Special,Duplicates,v1.0,v1.1,,,,,,,"30 cards
Released: December 9, 2019  
Icon: Vitruvian Man drawing
Updated icon: a brain",,,,,,,,,,,,,,,,
,"30 cards
Released: June 5, 2018 
Icon: A sperm.
Updated Icon: shirt and tie
Note:The Dad Pack comes in a DVD case with 9 cover variations (The Evidence, Sniper Dad, The Swedish Compromise, Time Games, Red Fear Massive Heat, Bloodoath: Remembrance, Stone Jones, Ocean Mission: Dark Tide, and Break Point Dawn Infinity)",,,,,,,,,,,,,,,,,,,,,,,,,,,
,https://imgur.com/a/qBazJA4,,,,,,,,,,Prompt,"Do not go gentle into that good night. Rage, rage against ______?",,,,v1.0,,,,,,,,,,,,
,https://imgur.com/a/x2o69Gs,,,,,,,,,,Prompt,"Sure, sex is great, but have you tried _______?",,,,v1.0,,,,,,,,,,,,
,,,,,,,,,,,,,,,,,,,,,,,,,,,,
Prompt,"Coming up on Turner Classic Movies:
Sean Connery and Alec Baldwin star in ""The Hunt for ______.""",,,v1.0,v1.1,,,,,,Response,A pointless job at a soulless corporation.,,,,v1.0,,,,,,,,,,,,
Prompt,"FW: re:
FBI WARNING!!! VIOLENT GANGS USING ______ TO RECRUIT CHILDREN!",,,v1.0,,,,,,,Response,Being terrified of a single bee.,,,,v1.0,,,,,,,,,,,,
Prompt,"Hey, kids.
I'm Connor's dad, but you can call me Mr. ______.",,,v1.0,v1.1,,,,,,Response,Being young and in love in New York City.,,,,v1.0,,,,,,,,,,,,
Prompt,"So apparently Dad was searching Pornhub for ""hot milf ______.""",,,v1.0,v1.1,,,,,,Response,Chemotherapy.,,,,v1.0,,,,,,,,,,,,
Prompt,"Whaddya think, money grows on trees? I'm not paying for ______!",,,v1.0,v1.1,,,,,,Response,Delighting in the pain of others.,,,,v1.0,,,,,,,,,,,,
Prompt,"Young lady, you better knock it off with ______ or you're grounded!",,,v1.0,v1.1,,,,,,Response,Forming a monogamous pairbond.,,,,v1.0,,,,,,,,,,,,
,,,,,,,,,,,Response,Getting my butt trapped hilariously in a tuba.,,,,v1.0,,,,,,,,,,,,
Response,A positive male role model.,,,v1.0,v1.1,,,,,,Response,Getting sad for no reason.,,,,v1.0,,,,,,,,,,,,
Response,Coaching the 7th grade girls basketball team.,,,v1.0,v1.1,,,,,,Response,Good ol’ fashioned face-to-face conversation.,,,,v1.0,,,,,,,,,,,,
Response,Dad coming home drunk.,,,v1.0,v1.1,,,,,,Response,Harnessing the power of steam!!!,,,,v1.0,,,,,,,,,,,,
Response,Dad's big sex night.,,,v1.0,v1.1,,,,,,Response,How good this cantaloupe feels on my penis.,,,,v1.0,,,,,,,,,,,,
Response,Dad's famous chili.,,,v1.0,v1.1,,,,,,Response,"Just hangin’ out, ya know?",,,,v1.0,,,,,,,,,,,,
Response,Divorce.,,,v1.0,v1.1,,,,,,Response,Like 50 mosquito bites.,,,,v1.0,,,,,,,,,,,,
Response,Dolby® Digital Surround Sound.,,,v1.0,,,,,,,Response,Losing a loved one to Fox News.,,,,v1.0,,,,,,,,,,,,
Response,Emotional unavailability.,,,v1.0,v1.1,,,,,,Response,Really tall people.,,,,v1.0,,,,,,,,,,,,
Response,Finding a place to sit down.,,,v1.0,v1.1,,,,,,Response,Saying “what’s that?” And then stealing a french fry.,,,,v1.0,,,,,,,,,,,,
Response,Flirting with the ladies at the bank.,,,v1.0,v1.1,,,,,,Response,Sucking all the oil out of the planet and fucking off to Mars.,,,,v1.0,,,,,,,,,,,,
Response,Forty-two years of repressed homosexuality.,,,v1.0,v1.1,,,,,,Response,The bomb strapped to my chest.,,,,v1.0,,,,,,,,,,,,
Response,Going bald.,,,v1.0,v1.1,,,,,,Response,The joy of song.,,,,v1.0,,,,,,,,,,,,
Response,Having a bunch of kids by accident.,,,v1.0,,,,,,,Response,The salmon.,,,,v1.0,,,,,,,,,,,,
Response,Having a heart attack.,,,v1.0,v1.1,,,,,,Response,The unspeakable horrors of factory farming.,,,,v1.0,,,,,,,,,,,,
Response,Kidnapping Liam Neeson's daughter.,,,v1.0,v1.1,,,,,,Response,The whole Jeffrey Epstein thing.,,,,v1.0,,,,,,,,,,,,
Response,Low sperm motility.,,,,v1.1,,,,,,Response,This horrible thing called twitter.,,,,v1.0,,,,,,,,,,,,
Response,Making the printer work.,,,v1.0,v1.1,,,,,,Response,Three hours of pimple-popping videos.,,,,v1.0,,,,,,,,,,,,
Response,Mulch.,,,,v1.1,,,,,,Response,Unwelcome sexual attention from grown men.,,,,v1.0,,,,,,,,,,,,
Response,My tired husband's soft penis.,,,,v1.1,,,,,,Response,Using words to communicate.,,,,v1.0,,,,,,,,,,,,
Response,Puns.,,,v1.0,v1.1,,,,,,Response,War with China.,,,,v1.0,,,,,,,,,,,,
Response,Sitting on the toilet for 45 minutes.,,,v1.0,v1.1,,,,,,Response,Watching the life drain from the eyes of my son’s killer.,,,,v1.0,,,,,,,,,,,,
Response,Standing in the middle of the living room holding two remote controls.,,,v1.0,v1.1,,,,,,,,,,,,,,,,,,,,,,,
Response,Stealing a child's nose and keeping it forever.,,,v1.0,v1.1,,,,,,,TOTALS:,TOTALS:,,,30,0,0,0,0,,,,,,,,
Response,The nipples of a man.,,,v1.0,v1.1,,,,,,,,,,,,,,,,,,,,,,,
Response,The son of a bitch who knocked up my daughter.,,,v1.0,v1.1,,,,,,,,,,,,,,,,,,,,,,,
Response,Tripping on an object and becoming angry.,,,v1.0,v1.1,,,,,,,,,,,,,,,,,,,,,,,
Response,What Dad has to say about Muslims.,,,v1.0,v1.1,,,,,,,,,,,,,,,,,,,,,,,
,,,,,,,,,,,,,,,,,,,,,,,,,,,,
,TOTALS:,,,30,30,0,0,0,0,,,,,,,,,,,,,,,,,,,
,,,,,,,,,,,Set,Theatre Pack,Special,Special,Duplicates,v1.0,,,,,,,,,,,,
Set,Scary Pack,Special,Duplicates,v1.1,,,,,,,,"30 cards
Released: June 18, 2018  
Icon: Theatre masks",,,,,,,,,,,,,,,,
,"30 cards
Released: August 1, 2022. 
Icon: Bloody knife
Note: Comes with 1 of 3 posters.",,,,,,,,,,,,,,,,,,,,,,,,,,,
,Poster 1,,,,,,,,,,Prompt,"Alright everybody, HOLD!
Kelly, why is there ______ on my stage?",,,,v1.0,,,,,,,,,,,,
,Poster 2,,,,,,,,,,Prompt,Comedy = Tragedy + ______.,,,,v1.0,,,,,,,,,,,,
,Poster 3,,,,,,,,,,Prompt,"Let's take it from the top, and remember, you are ______. Show me  (SAME CARD AGAIN) .",,,,v1.0,,,,,,,,,,,,
,,,,,,,,,,,Prompt,"Match-maker,
match-maker,
make me a match.
Find me ______.",,,,v1.0,,,,,,,,,,,,
Prompt,"""I think I'm safe,"" she whispered. But then, out of nowhere, ______!",,,v1.0,,,,,,,Prompt,"This season at Manhattan Theatre Club: ""Who's afraid of ______?""",,,,v1.0,,,,,,,,,,,,
Prompt,"Anne screamed. On her mirror was a message scrawled in blood: ""I AM ______.""",,,v1.0,,,,,,,,,,,,,,,,,,,,,,,,
Prompt,"Guillermo Del Toro is the master of supernatural horror, but even he is afraid of ______.",,,v1.0,,,,,,,Response,A dead salesman.,,,,v1.0,,,,,,,,,,,,
Prompt,"OH SHIT!
______ comin' out of Jumanji!",,,v1.0,,,,,,,Response,A Drama Desk Award for Outstanding Sound Design in a Play.,,,,v1.0,,,,,,,,,,,,
Prompt,"Tonight on Murder Files: An ordinary man, driven to kill by ______.",,,v1.0,,,,,,,Response,A fog machine.,,,,v1.0,,,,,,,,,,,,
,,,,v1.0,,,,,,,Response,A play about people I don't like doing things I don't care about.,,,,v1.0,,,,,,,,,,,,
Response,A big misunderstanding involving decapitations.,,,v1.0,,,,,,,Response,Absolutely butchering Sondheim.,,,,v1.0,,,,,,,,,,,,
Response,A CD of haunted house sound effects.,,,v1.0,,,,,,,Response,All 59 inches of Kristin Chenoweth.,,,,v1.0,,,,,,,,,,,,
Response,A cursed Fleshlight that makes you rapidly age when you fuck it.,,,v1.0,,,,,,,Response,An autographed headshot of Nathan Lane.,,,,v1.0,,,,,,,,,,,,
Response,A gremlin who spanks your wonderful ass with a fly swatter.,,,v1.0,,,,,,,Response,Being crushed to death by a stage light.,,,,v1.0,,,,,,,,,,,,
Response,A mannequin that gets a little closer every time you look away.,,,v1.0,,,,,,,Response,Brief male nudity.,,,,v1.0,,,,,,,,,,,,
Response,Agonizingly transforming into a trombone.,,,v1.0,,,,,,,Response,"Five miso soups, four seaweed salads, three soy burger dinners, two tofu dog platters, and one pasta with meatless meatballs.",,,,v1.0,,,,,,,,,,,,
Response,"An iguana that says ""Ooh la la!"" in a threatening way.",,,v1.0,,,,,,,Response,"Forgetting your lines, shitting your pants, and your pants falling down.",,,,v1.0,,,,,,,,,,,,
Response,Awakening an ancient evil.,,,v1.0,,,,,,,Response,Improv comedy.,,,,v1.0,,,,,,,,,,,,
Response,Chanting in Latin.,,,v1.0,,,,,,,Response,Killing Dad and fucking Mom.,,,,v1.0,,,,,,,,,,,,
Response,Crawling all over the walls and ceiling like a dumbass.,,,v1.0,,,,,,,Response,"Linda, 18 but wise beyond her years, achingly beautiful.",,,,v1.0,,,,,,,,,,,,
Response,Farting the X-Files theme.,,,v1.0,,,,,,,Response,My whole family watching.,,,,v1.0,,,,,,,,,,,,
Response,Getting disemboweled.,,,v1.0,,,,,,,Response,Narcissistic Personality Disorder.,,,,v1.0,,,,,,,,,,,,
Response,Having unprotected sex with The Blob.,,,v1.0,,,,,,,Response,Problematic depictions of Asian characters.,,,,v1.0,,,,,,,,,,,,
Response,Human sacrifice.,,,v1.0,,,,,,,Response,Rampant misogyny and sexual harassment.,,,,v1.0,,,,,,,,,,,,
Response,Knowing a bit too much about serial killers.,,,v1.0,,,,,,,Response,Taking a year off to study Japanese puppet theatre.,,,,v1.0,,,,,,,,,,,,
Response,"Night, the scariest half of the day.",,,v1.0,,,,,,,Response,The Phantom of the Opera.,,,,v1.0,,,,,,,,,,,,
Response,Pus.,,,v1.0,,,,,,,Response,"The wickedly talented, one and only, Adele Dazeem.",,,,v1.0,,,,,,,,,,,,
Response,Putting the lotion on its skin.,,,v1.0,,,,,,,Response,This old lady next to me who won't stop farting.,,,,v1.0,,,,,,,,,,,,
Response,Realizing Mom and Dad are now at an age where it wouldn't be that unusual for them to die.,,,v1.0,,,,,,,Response,"Two contrasting monologues— one classical, one contemporary.",,,,v1.0,,,,,,,,,,,,
Response,Serving a man his own testicles on a sizzling fajita platter.,,,v1.0,,,,,,,Response,Two men in a horse costume.,,,,v1.0,,,,,,,,,,,,
Response,Skulls and spiderwebs and shit.,,,v1.0,,,,,,,Response,Two tickets to Hamilton.,,,,v1.0,,,,,,,,,,,,
Response,Testing negative for being alive.,,,v1.0,,,,,,,,,,,,,,,,,,,,,,,,
Response,The current state of American democracy.,,,v1.0,,,,,,,,TOTALS:,TOTALS:,,,30,0,0,0,0,,,,,,,,
Response,The ghostly specter of a delicious six-foot party sub that disappears when you try to take a bite.,,,v1.0,,,,,,,,,,,,,,,,,,,,,,,,
Response,Vagina dentata.,,,v1.0,,,,,,,,,,,,,,,,,,,,,,,,
,,,,,,,,,,,,,,,,,,,,,,,,,,,,
,TOTALS:,,,31,0,0,0,0,0,,,,,,,,,,,,,,,,,,,
,,,,,,,,,,,Set,Seasons Greetings Pack,Special,Special,Source,v1.0,v1.1,,,,,,,,,,,
Set,Food Pack,Notes,Source,v1.0,v1.1,v1.2,,,,,,"30 cards
Released: 12/5/2017. 
Icon: a gift box with a bow.
Notes:Target exclusive holiday pack containing 12 new cards (2 prompt cards, 10 response cards) and 18 cards from previous holiday packs. 
Cards are designated as ""New"" or which previous pack they came from in the Comments column.",,,,,,,,,,,,,,,,
,"30 cards 
Released: November 19, 2015 with one card changed.
Icon: fork/knife crossed
Updated Icon: Burger
Note:originally Pax Prime 2015 (cherry [C], coconut [B], and mango [A]), but with one card changed",,,,,,,,,,,,,,,,,,,,,,,,,,,
,,,,,,,,,,,Prompt,"Blessed are you, Lord our God, creator of the universe, who has granted us _____.",,,2013 Holiday Pack,v1.0,v1.1,,,,,,,,,,,
Prompt,"Aw babe, your burps smell like ______!",,B,v1.0,v1.1,v1.2,,,,,Prompt,"Donna, pick up my dry cleaning and get my wife something for Christmas. I think she likes _____.",,,,v1.0,v1.1,,,,,,,,,,,
Prompt,"Don't miss Rachel Ray's hit new show, Cooking with ______.","Corrected card replaces, ""Don’t miss Rachel Ray’s hit new show, Cooking with ______.""",B,v1.0,v1.1,v1.2,,,,,Prompt,"Here's what you can expect for the new year.
Out: __.
In: __.",PICK 2,PICK 2,2013 Holiday Pack,v1.0,v1.1,,,,,,,,,,,
Prompt,"Excuse me, waiter. Could you take this back? This soup tastes like ______.",,C,v1.0,v1.1,v1.2,,,,,Prompt,It's beginning to look a lot like _____.,,,,v1.0,v1.1,,,,,,,,,,,
Prompt,"I’m Bobby Flay, and if you can’t stand ______, get out of the kitchen!",,A,v1.0,v1.1,v1.2,,,,,Prompt,Jesus is _____.,,,2012 Holiday Pack,v1.0,v1.1,,,,,,,,,,,
Prompt,It’s not delivery. It’s ______.,,A,v1.0,v1.1,v1.2,,,,,Prompt,"This holiday season, Tim Allen must overcome his fear of _____ to save Christmas.",,,2012 Holiday Pack,v1.0,v1.1,,,,,,,,,,,
Prompt,Now on Netflix: Jiro Dreams of ______.,,C,v1.0,v1.1,v1.2,,,,,Prompt,What's the one thing that makes an elf instantly ejaculate?,,,2013 Holiday Pack,v1.0,v1.1,,,,,,,,,,,
,,,,,,,,,,,Prompt,"You love Black Friday. You love Cyber Monday. So don’t miss _____ Wednesday, only at Kohl’s!",,,,,v1.1,,,,,,,,,,,
Response,A belly full of hard-boiled eggs.,,B,v1.0,v1.1,v1.2,,,,,,,,,,,,,,,,,,,,,,
Response,A joyless vegan patty.,,B,v1.0,v1.1,v1.2,,,,,Response,A choir of angels descending from the sky and jizzing all over dad's sweater.,,,,v1.0,v1.1,,,,,,,,,,,
Response,A sobering quantity of chili cheese fries.,,A,v1.0,v1.1,v1.2,,,,,Response,A frozen homeless man shattering on your doorstep.,,,,v1.0,,,,,,,,,,,,
Response,A table for one at The Cheesecake Factory.,,B,v1.0,v1.1,v1.2,,,,,Response,A snowman that contains the soul of my dead father.,,,,v1.0,v1.1,,,,,,,,,,,
Response,Being emotionally and physically dominated by Gordon Ramsay.,,B,v1.0,v1.1,v1.2,,,,,Response,A toxic family environment.,,,2012 Holiday Pack,v1.0,v1.1,,,,,,,,,,,
Response,Clamping down on a gazelle’s jugular and tasting its warm life waters.,,C,v1.0,v1.1,v1.2,,,,,Response,Another shitty year.,,,2012 Holiday Pack,v1.0,v1.1,,,,,,,,,,,
Response,Committing suicide at the Old Country Buffet.,,C,v1.0,v1.1,v1.2,,,,,Response,Capitalism,,,,,v1.1,,,,,,,,,,,
Response,Father’s forbidden chocolates.,,C,v1.0,v1.1,v1.2,,,,,Response,Elf cum.,,,2012 Holiday Pack,v1.0,v1.1,,,,,,,,,,,
Response,Going vegetarian and feeling so great all the time.,,A,v1.0,v1.1,,,,,,Response,Finding out that Santa isn't real.,,,2013 Holiday Pack,v1.0,v1.1,,,,,,,,,,,
Response,Jizz Twinkies.,,C,v1.0,v1.1,v1.2,,,,,Response,Fucking up Silent Night in front of 300 parents.,,,2012 Holiday Pack,v1.0,v1.1,,,,,,,,,,,
Response,Kale farts.,,A,v1.0,v1.1,v1.2,,,,,Response,Gift-wrapping a live hamster.,,,2012 Holiday Pack,v1.0,v1.1,,,,,,,,,,,
Response,Kevin Bacon Bits.,,B,v1.0,v1.1,v1.2,,,,,Response,How cool it is that I love Jesus and he loves me back.,,,,v1.0,v1.1,,,,,,,,,,,
Response,Licking the cake batter off of grandma’s fingers.,,A,v1.0,v1.1,v1.2,,,,,Response,How great of a blowjob Jesus could give.,,,,v1.0,v1.1,,,,,,,,,,,
Response,Motherfucking tater tots.,,,,,v1.2,,,,,Response,How many drinks Aunty Deborah has had.,,,,v1.0,v1.1,,,,,,,,,,,
Response,Not knowing what to believe anymore about butter.,,B,v1.0,v1.1,v1.2,,,,,Response,My hot cousin.,,,2012 Holiday Pack,v1.0,v1.1,,,,,,,,,,,
Response,Oreos for dinner.,,,v1.0,v1.1,v1.2,,,,,Response,My uncle who voted for Trump.,,,,v1.0,v1.1,,,,,,,,,,,
Response,Real cheese flavor.,,A,v1.0,v1.1,v1.2,,,,,Response,Piece of shit Christmas cards with no money in them.,,,2013 Holiday Pack,v1.0,v1.1,,,,,,,,,,,
Response,Soup that’s better than pussy.,,B,v1.0,v1.1,v1.2,,,,,Response,Pretending to be happy.,,,2012 Holiday Pack,v1.0,v1.1,,,,,,,,,,,
Response,Sucking down thousands of pounds of krill every day.,,B,v1.0,v1.1,v1.2,,,,,Response,"Probably Grandma's last Christmas, kids.",,,,v1.0,v1.1,,,,,,,,,,,
Response,Swishing the wine around and sniffing it like a big fancy man.,,A,v1.0,v1.1,v1.2,,,,,Response,Snow falling gently on the frozen body of an orphan boy.,,,,v1.0,,,,,,,,,,,,
Response,The $1 Beefy Fritos Burrito from Taco Bell.,,,,,v1.2,,,,,Response,Socks.,,,2012 Holiday Pack,v1.0,v1.1,,,,,,,,,,,
Response,The Dial-A-Slice Apple Divider from Williams-Sonoma.,,A,v1.0,v1.1,,,,,,Response,Starting to see where ISIS is coming from.,,,,v1.0,v1.1,,,,,,,,,,,
Response,The Hellman’s Mayonnaise Corporation.,,C,v1.0,v1.1,v1.2,,,,,Response,"The 9,000 children who starved to death today.",,,2014 Holiday Pack,v1.0,v1.1,,,,,,,,,,,
Response,The hot dog I put in my vagina ten days ago.,,C,v1.0,v1.1,v1.2,,,,,Response,"The shittier, Jewish version of Christmas.",,,2013 Holiday Pack,v1.0,v1.1,,,,,,,,,,,
Response,The inaudible screams of carrots.,,C,v1.0,v1.1,v1.2,,,,,Response,"These low, low prices!",,,2013 Holiday Pack,v1.0,v1.1,,,,,,,,,,,
Response,What to do with all of this chocolate on my penis.,,A,v1.0,v1.1,v1.2,,,,,,,,,,,,,,,,,,,,,,
,,,,,,,,,,,,TOTALS:,TOTALS:,,,30,30,0,0,0,,,,,,,,
,,,,,,,,,,,,,,,,,,,,,,,,,,,,
,TOTALS:,,,30,0,0,0,0,0,,,,,,,,,,,,,,,,,,,
,,,,,,,,,,,Set,Retail Product Pack,Special,Special,Duplicates,v1.0,,,,,,,,,,,,
Set,Pride Pack,Special,Duplicates,v1.0,,,,,,,,"20 cards
Released: August 1, 2016. 
Icon: A money bag with a dollar sign.",,,,,,,,,,,,,,,,
,"30 cards
Released: June 16, 2018
Icon: A four color (red, yellow, green, and blue) striped flag
Updated Icon: black and white rainbow with cloud",,,,,,,,,,,,,,,,,,,,,,,,,,,
,,,,,,,,,,,Prompt,"Wait, I came here to buy socks. How did I wind up with ______?",,,,v1.0,,,,,,,,,,,,
Prompt,"Excuse me, straight man, but ______ isn't for you, STRAIGHT MAN.",,,v1.0,,,,,,,,,,,,,,,,,,,,,,,,
Prompt,GOD HATES ______!,,,v1.0,,,,,,,Response,"A framed photocopy of an oil painting of Paris, France.",,,,v1.0,,,,,,,,,,,,
Prompt,"If you can't love yourself, how the hell you gonna love ______?",,,v1.0,,,,,,,Response,A Pringle®.,,,Absurd,v1.0,,,,,,,,,,,,
Prompt,We're here! We're ______! Get used to it!,,,v1.0,,,,,,,Response,A Pringles® can full of screams.,,,,v1.0,,,,,,,,,,,,
Prompt,YAAAAAAS! You are serving me ______ realness!,,,v1.0,,,,,,,Response,An 800-foot-long pool noodle.,,,Absurd,v1.0,,,,,,,,,,,,
,,,,,,,,,,,Response,An exclusive partnership with Taylor Swift.,,,,v1.0,,,,,,,,,,,,
Response,30 shirtless bears emerging from the fog.,,,v1.0,,,,,,,Response,Blood Pringles®.,,,,v1.0,,,,,,,,,,,,
Response,A 6-hour conversation on gender and queer theory.,,,v1.0,,,,,,,Response,Buying and returning clothes just to have someone to talk to.,,,,v1.0,,,,,,,,,,,,
Response,A big black dick strapped to a frail white body.,,,v1.0,,,,,,,Response,Buying the right toothbrush cup for my lifestyle.,,,,v1.0,,,,,,,,,,,,
Response,A genderless hole.,,,v1.0,,,,,,,Response,Confusing possessions with accomplishments.,,,,v1.0,,,,,,,,,,,,
Response,A messy bitch who lives for drama.,,,v1.0,,,,,,,Response,Crunchy snacks for my big flappy mouth.,,,Absurd,v1.0,,,,,,,,,,,,
Response,A Subaru.,,,v1.0,,,,,,,Response,Extracting the maximum amount of money from naive consumers.,,,,v1.0,,,,,,,,,,,,
Response,A twink in a bounce house.,,,v1.0,,,,,,,Response,Gender-neutral toys that make children feel no emotions whatsoever.,,,,v1.0,,,,,,,,,,,,
Response,All the different kinds of lesbians.,,,v1.0,,,,,,,Response,Getting eaten out in the family fitting room.,,,,v1.0,,,,,,,,,,,,
Response,"Black, white, Puerto Rican, and Chinese boys.",,,v1.0,,,,,,,Response,How fun it is to eat Pringles®.,,,,v1.0,,,,,,,,,,,,
Response,"Britney, bitch!",,,v1.0,,,,,,,Response,Refusing to go up a size.,,,,v1.0,,,,,,,,,,,,
Response,Getting your ass ate.,,,v1.0,,,,,,,Response,Saving 20% or more on khakis.,,,,v1.0,,,,,,,,,,,,
Response,Having your titties sucked while sucking on titties.,,,v1.0,,,,,,,Response,Shiny gadgets for sadness distraction.,,,,v1.0,,,,,,,,,,,,
Response,Licking that pussy right.,,,v1.0,,,,,,,Response,Subsisting on tiny pizzas.,,,,v1.0,,,,,,,,,,,,
Response,"Marsha P. Johnson, the trans woman of color who may have thrown the first brick at Stonewall.",,,v1.0,,,,,,,Response,The obscene amount of money Cards Against Humanity is making by selling this game at Target®.,,,,v1.0,,,,,,,,,,,,
Response,Older fitness gays.,,,v1.0,,,,,,,,,,,,,,,,,,,,,,,,
Response,Peeing in a bathroom.,,,v1.0,,,,,,,,TOTALS:,TOTALS:,,,20,0,0,0,0,,,,,,,,
Response,Poppers and lube.,,,v1.0,,,,,,,,,,,,,,,,,,,,,,,,
Response,PrEP.,,,v1.0,,,,,,,,,,,,,,,,,,,,,,,,
Response,Repeatedly coming out as bisexual.,,,v1.0,,,,,,,,,,,,,,,,,,,,,,,,
Response,"Talking, laughing, loving, breathing, fighting, fucking, crying, drinking, riding, winning, losing, cheating, kissing, thinking, dreaming.",,,v1.0,,,,,,,,,,,,,,,,,,,,,,,,
Response,Telling Heather she can't pull off that top.,,,v1.0,,,,,,,,,,,,,,,,,,,,,,,,
Response,The careless cunt who left a water ring on my credenza.,,,v1.0,,,,,,,,,,,,,,,,,,,,,,,,
Response,"The pan-ethnic, gender-fluid children of the future.",,,v1.0,,,,,,,,,,,,,,,,,,,,,,,,
Response,"Those cheekbones, honey.",,,v1.0,,,,,,,,,,,,,,,,,,,,,,,,
Response,Whatever straight people do for fun.,,,v1.0,,,,,,,,,,,,,,,,,,,,,,,,
,,,,,,,,,,,,,,,,,,,,,,,,,,,,
,TOTALS:,,,30,0,0,0,0,0,,,,,,,,,,,,,,,,,,,
,,,,,,,,,,,Set,Clam-O-Naise,Special,Special,Duplicates,v1.0,,,,,,,,,,,,
Set,ClickHole Greeting Cards Pack,Special,Duplicates,v1.0,,,,,,,,"30 cards
Released: October 11, 2022. 
Icon: A clam
Notes: Originally embedded in a jar of Claim-o-Naise, now a stand-alone pack.",,,,,,,,,,,,,,,,
,"15 cards
Released: July 21, 2020  
Icon: Greeting card with lips",,,,,,,,,,Prompt,"That's right!
We put _______ in mayonnaise.",,,,v1.0,,,,,,,,,,,,
,,,,,,,,,,,Prompt,LOSE WEIGHT and FEEL GREAT with the ALL-NEW CLAM-O-NAISE® and _______.,,,,v1.0,,,,,,,,,,,,
Prompt,"Hallmark has invented a new holiday. It's called ""________________ Day.""",,,v1.0,,,,,,,Prompt,"When I think of Clam-O-Naise®, I think about _______.",,,,v1.0,,,,,,,,,,,,
Prompt,Happy Birthday! I love you. Here's ________________.,,,v1.0,,,,,,,,,,,,,,,,,,,,,,,,
Prompt,"Honey, it's gonna take more than a shitty greeting card to make up for ten years of ________________.",,,v1.0,,,,,,,Response,Force-feeding mayonnaise to Tom Holland.,,,,v1.0,,,,,,,,,,,,
Prompt,I cannot stop smiling about ________________.,,,v1.0,,,,,,,Response,The sexual possibilities of coleslaw.,,,,v1.0,,,,,,,,,,,,
Prompt,Roses are red. Violets are blue. I am ________________ and so are you.,,,v1.0,,,,,,,Response,"KNIFE-CLAM, the clam that stabs.",,,,v1.0,,,,,,,,,,,,
,,,,,,,,,,,Response,MayooooooOOOO-NAISE!!!!,,,,v1.0,,,,,,,,,,,,
Response,"A one-star Uber driver named ""Wife of Tarantula.""",,,v1.0,,,,,,,Response,A perfectly normal rimjob that doesn't involve clams or mayonnaise in any way.,,,,v1.0,,,,,,,,,,,,
Response,An explosion of glitter.,,,v1.0,,,,,,,Response,Some kind of mayonnaise baptism.,,,,v1.0,,,,,,,,,,,,
Response,Eating my children.,,,v1.0,,,,,,,Response,Sneaking 700 steamed clams into a movie theater.,,,,v1.0,,,,,,,,,,,,
Response,Emerging from my mother's vagina.,,,v1.0,,,,,,,Response,"Dr. Mayonnaise, the doctor who injects his patients with mayonnaise.",,,,v1.0,,,,,,,,,,,,
Response,Give me kiss.,,,v1.0,,,,,,,Response,"Not having sex with a clam under any circumstances, no matter how sexy it looks.",,,,v1.0,,,,,,,,,,,,
Response,Looking like shit.,,,v1.0,,,,,,,Response,Sticking a tube up a cow's ass to collect its mayonnaise.,,,,v1.0,,,,,,,,,,,,
Response,Luring my husband to the bedroom with a trail of ferret teeth and appearing on the bed in a ferret costume.,,,v1.0,,,,,,,Response,"My beautiful daughter, Salmonella.",,,,v1.0,,,,,,,,,,,,
Response,Mom's special birthday rimjob.,,,v1.0,,,,,,,Response,Fucking a clam out of curiosity.,,,,v1.0,,,,,,,,,,,,
Response,My five dead husbands.,,,v1.0,,,,,,,Response,Tucker Carlson debating a clam on live television.,,,,v1.0,,,,,,,,,,,,
Response,Turning 70 and still being fuckable.,,,v1.0,,,,,,,Response,This kind of clam.,,,,v1.0,,,,,,,,,,,,
,,,,,,,,,,,Response,The United States Strategic Mayonnaise Reserve.,,,,v1.0,,,,,,,,,,,,
,TOTALS:,,,15,0,0,0,0,0,,Response,White people food.,,,,v1.0,,,,,,,,,,,,
,,,,,,,,,,,Response,Eating shellfish in defiance of God's will.,,,,v1.0,,,,,,,,,,,,
Set,Jew Pack/Chosen People Pack,Special,Duplicates,v1.0,v1. 1,v1. 2,v1.3,,,,Response,Keepin' it smooth and creamy.,,,,v1.0,,,,,,,,,,,,
,"30 cards from their ight Sensible Gifts for Hanukkah. Released November 10, 2015. These cards were re-released as the “Jew Pack” to be purchased directly from CAH’s website on May 3, 2016.
Re-released as Chosen People Pack only sold in Target stores on 12/5/2017.
Icon: The Star of David. Icon 2021: A Menorah ",,,,,,,,,,Response,The remarkable effectiveness of mayonnaise as a sexual lubricant.,,,,v1.0,,,,,,,,,,,,
,,,,,,,,,,,Response,Clam-O Naise®.,,,,v1.0,,,,,,,,,,,,
Prompt,"According to Freud, all children progress through three stages of development: the oral stage, the anal stage, and the ______ stage.",,,v1.0,v1. 1,v1. 2,v1.3,,,,Response,My clamfather.,,,,v1.0,,,,,,,,,,,,
Prompt,"Can't you see? The Jews are behind everything-the banks, the media, even ______!",,,v1.0,v1. 1,v1. 2,v1.3,,,,Response,Just the right amount of mayonnaise.,,,,v1.0,,,,,,,,,,,,
Prompt,"Coming to Broadway next season: ""______ on the Roof.""",,,v1.0,v1. 1,v1. 2,v1.3,,,,Response,Sodium benzoate (to preserve freshness).,,,,v1.0,,,,,,,,,,,,
Prompt,"Oh, your daughter should meet my son! He gives to charity, he loves ______ and did I mention he's a doctor?",,,v1.0,v1. 1,v1. 2,v1.3,,,,Response,Cholesterol.,,,,v1.0,,,,,,,,,,,,
Prompt,What's so important right now that you can't call your mother?,,,v1.0,v1. 1,v1. 2,v1.3,,,,Response,A garbage bag full of mayonnaise.,,,,v1.0,,,,,,,,,,,,
,,,,,,,,,,,Response,"The all-new CLAMWICH, only at Subway!",,,,v1.0,,,,,,,,,,,,
Response,A big brain full of facts and sadness.,,,v1.0,v1. 1,v1. 2,v1.3,,,,Response,Not even knowing what's happening anymore.,,,,v1.0,,,,,,,,,,,,
Response,A headache that's definitely cancer.,,,v1.0,v1. 1,v1. 2,v1.3,,,,,,,,,,,,,,,,,,,,,
Response,A lifetime of internalized guilt.,,,v1.0,v1. 1,v1. 2,v1.3,,,,,TOTALS:,TOTALS:,,,19,0,0,0,0,,,,,,,,
Response,A little bit of schmutz right there.,,,v1.0,v1. 1,,,,,,,,,,,,,,,,,,,,,,,
Response,A three-foot-tall corned beef sandwich.,,,v1.0,v1. 1,v1. 2,v1.3,,,,,,,,,,,,,,,,,,,,,
Response,Also being named Harvey Weinstein.,,,,,,v1.3,,,,,,,,,,,,,,,,,,,,,
Response,Bags of money.,,,v1.0,v1. 1,v1. 2,v1.3,,,,,,,,,,,,,,,,,,,,,
Response,Being a burden. ,,,,,v1. 2,v1.3,,,,,,,,,,,,,,,,,,,,,
Response,Being chosen by God to win a free iPod Nano.,,,v1.0,v1. 1,,,,,,,,,,,,,,,,,,,,,,,
Response,Bupkis. ,,,,,v1. 2,v1.3,,,,,,,,,,,,,,,,,,,,,
Response,Chopping off a bit of the penis.,,,v1.0,v1. 1,v1. 2,v1.3,,,,,,,,,,,,,,,,,,,,,
Response,Demolishing that ass like a Palestinian village.,,,v1.0,v1. 1,,,,,,,,,,,,,,,,,,,,,,,
Response,Hiding from the Nazis.,,,v1.0,v1. 1,v1. 2,v1.3,,,,,,,,,,,,,,,,,,,,,
Response,Holding up the line at Walgreens by trying to use an expired coupon.,,,v1.0,v1. 1,v1. 2,v1.3,,,,,,,,,,,,,,,,,,,,,
Response,Kvetching. ,,,,,v1. 2,v1.3,,,,,,,,,,,,,,,,,,,,,
Response,Pork products.,,,v1.0,v1. 1,v1. 2,v1.3,,,,,,,,,,,,,,,,,,,,,
Response,Resurrecting an army of six million Jews and conquering Germany.,,,v1.0,v1. 1,v1. 2,v1.3,,,,,,,,,,,,,,,,,,,,,
Response,Sacrificing Isaac to the Lord.,,,v1.0,v1. 1,v1. 2,v1.3,,,,,,,,,,,,,,,,,,,,,
Response,Some kind of concentrated encampment for people.,,,v1.0,v1. 1,v1. 2,v1.3,,,,,,,,,,,,,,,,,,,,,
Response,Suddenly remembering that the Holocaust happened.,,,v1.0,v1. 1,v1. 2,v1.3,,,,,,,,,,,,,,,,,,,,,
Response,The blood of Christian babies.,,,v1.0,v1. 1,v1. 2,v1.3,,,,,,,,,,,,,,,,,,,,,
Response,The ethical implications of enjoying a Woody Allen film in light of his child fucking.,,,,,v1. 2,v1.3,,,,,,,,,,,,,,,,,,,,,
Response,The ethical implications of enjoying a Woody Allen film in light of the allegations against him.,,,v1.0,v1. 1,,,,,,,,,,,,,,,,,,,,,,,
Response,The part of Anne Frank's diary where she talks about her vagina.,,,v1.0,v1. 1,v1. 2,v1.3,,,,,,,,,,,,,,,,,,,,,
Response,Thy neighbor's wife.,,,v1.0,v1. 1,v1. 2,v1.3,,,,,,,,,,,,,,,,,,,,,
Response,Torturing Jews until they say they're not Jews anymore.,,,v1.0,v1. 1,v1. 2,,,,,,,,,,,,,,,,,,,,,,
Response,Usury.,,,v1.0,v1. 1,v1. 2,v1.3,,,,,,,,,,,,,,,,,,,,,
Response,Wandering the desert for 40 years.,,,v1.0,v1. 1,v1. 2,v1.3,,,,,,,,,,,,,,,,,,,,,
Response,What it means to be a Jewish woman in contemporary society.,,,v1.0,v1. 1,v1. 2,v1.3,,,,,,,,,,,,,,,,,,,,,
Response,Whoopi Goldberg.,,,v1.0,v1. 1,v1. 2,v1.3,,,,,,,,,,,,,,,,,,,,,
,,,,,,,,,,,,,,,,,,,,,,,,,,,,
,TOTALS:,,,30,30,30,30,,,,,,,,,,,,,,,,,,,,,